Abulfazi|http://en.wikipedia.org/wiki/Abu%27l-Fazl_ibn_Mubarak ?|14-01-1551|12-08-1602
Aeschylus - http://en.wikipedia.org/wiki/Aeschylus|525BC|456BC
Anacreontia - http://en.wikipedia.org/wiki/Anacreontea|582BC|485BC
Antisthenes - http://en.wikipedia.org/wiki/Antisthenes|445BC|365BC
Aristotle - http://en.wikipedia.org/wiki/Aristotle|384BC|322BC
Aurelius - http://en.wikipedia.org/wiki/Marcus_Aurelius ?|26-04-121|17-03-180
Bacon - http://en.wikipedia.org/wiki/Roger_Bacon ?
Baudelaire - http://en.wikipedia.org/wiki/Baudelaire
Bayle - http://en.wikipedia.org/wiki/Pierre_Bayle
Bentham - http://en.wikipedia.org/wiki/Jeremy_Bentham
Beyle - http://en.wikipedia.org/wiki/Stendhal
Boyle - http://en.wikipedia.org/wiki/Robert_Boyle
Buonarotti - http://en.wikipedia.org/wiki/Philippe_Buonarroti
Carvaka - http://en.wikipedia.org/wiki/Carvaka
Cato - http://en.wikipedia.org/wiki/Cato
Catullus - http://en.wikipedia.org/wiki/Catullus
Chaucer - http://en.wikipedia.org/wiki/Chaucer
Chesterfield - http://en.wikipedia.org/wiki/Philip_Stanhope,_4th_Earl_of_Chesterfield
Cicero - http://en.wikipedia.org/wiki/Cicero
Clemens - http://en.wikipedia.org/wiki/Mark_Twain
Condillac - http://en.wikipedia.org/wiki/%C3%89tienne_Bonnot_de_Condillac
Condorcet - http://en.wikipedia.org/wiki/Condorcet
Confucius - http://en.wikipedia.org/wiki/Confucius
Constant - http://en.wikipedia.org/wiki/Benjamin_Constant
Cowley - http://en.wikipedia.org/wiki/Abraham_Cowley
Cowper - http://en.wikipedia.org/wiki/Cowper_%28surname%29

